{"min_unit": 4108, "T_slot": 1, "a": 0.0025984251968503938, "b": 0.19278542435987434, "c": 0.6768089846491898}